timestamp,phase,dataset,task,layer_seq_index,neuron_index,acc,f1,acc_drop,f1_drop,ckpt
20250813-123633,per_neuron_scan,breast_cancer,clf,0,0,0.9534883720930232,0.9636363636363636,0.0,-0.0006734006734007,c:\Users\Admin\Desktop\ffnn-healing\models\clf_breast_cancer_baseline_20250813-103737_best.pt
20250813-123633,per_neuron_scan,breast_cancer,clf,0,1,0.9534883720930232,0.9629629629629628,0.0,0.0,c:\Users\Admin\Desktop\ffnn-healing\models\clf_breast_cancer_baseline_20250813-103737_best.pt
20250813-123633,per_neuron_scan,breast_cancer,clf,0,2,0.9534883720930232,0.9629629629629628,0.0,0.0,c:\Users\Admin\Desktop\ffnn-healing\models\clf_breast_cancer_baseline_20250813-103737_best.pt
20250813-123633,per_neuron_scan,breast_cancer,clf,0,3,0.9534883720930232,0.9629629629629628,0.0,0.0,c:\Users\Admin\Desktop\ffnn-healing\models\clf_breast_cancer_baseline_20250813-103737_best.pt
20250813-123633,per_neuron_scan,breast_cancer,clf,0,4,0.9534883720930232,0.9629629629629628,0.0,0.0,c:\Users\Admin\Desktop\ffnn-healing\models\clf_breast_cancer_baseline_20250813-103737_best.pt
20250813-123633,per_neuron_scan,breast_cancer,clf,0,5,0.9534883720930232,0.9629629629629628,0.0,0.0,c:\Users\Admin\Desktop\ffnn-healing\models\clf_breast_cancer_baseline_20250813-103737_best.pt
20250813-123633,per_neuron_scan,breast_cancer,clf,0,6,0.9534883720930232,0.9629629629629628,0.0,0.0,c:\Users\Admin\Desktop\ffnn-healing\models\clf_breast_cancer_baseline_20250813-103737_best.pt
20250813-123633,per_neuron_scan,breast_cancer,clf,0,7,0.9534883720930232,0.9629629629629628,0.0,0.0,c:\Users\Admin\Desktop\ffnn-healing\models\clf_breast_cancer_baseline_20250813-103737_best.pt
20250813-123633,per_neuron_scan,breast_cancer,clf,0,8,0.9651162790697676,0.972972972972973,-0.0116279069767442,-0.0100100100100101,c:\Users\Admin\Desktop\ffnn-healing\models\clf_breast_cancer_baseline_20250813-103737_best.pt
20250813-123633,per_neuron_scan,breast_cancer,clf,0,9,0.9418604651162792,0.9541284403669724,0.0116279069767442,0.0088345225959903,c:\Users\Admin\Desktop\ffnn-healing\models\clf_breast_cancer_baseline_20250813-103737_best.pt
20250813-123633,per_neuron_scan,breast_cancer,clf,0,10,0.9534883720930232,0.9629629629629628,0.0,0.0,c:\Users\Admin\Desktop\ffnn-healing\models\clf_breast_cancer_baseline_20250813-103737_best.pt
20250813-123633,per_neuron_scan,breast_cancer,clf,0,11,0.9651162790697676,0.972972972972973,-0.0116279069767442,-0.0100100100100101,c:\Users\Admin\Desktop\ffnn-healing\models\clf_breast_cancer_baseline_20250813-103737_best.pt
20250813-123633,per_neuron_scan,breast_cancer,clf,0,12,0.9534883720930232,0.9629629629629628,0.0,0.0,c:\Users\Admin\Desktop\ffnn-healing\models\clf_breast_cancer_baseline_20250813-103737_best.pt
20250813-123633,per_neuron_scan,breast_cancer,clf,0,13,0.9534883720930232,0.9629629629629628,0.0,0.0,c:\Users\Admin\Desktop\ffnn-healing\models\clf_breast_cancer_baseline_20250813-103737_best.pt
20250813-123633,per_neuron_scan,breast_cancer,clf,0,14,0.9534883720930232,0.9629629629629628,0.0,0.0,c:\Users\Admin\Desktop\ffnn-healing\models\clf_breast_cancer_baseline_20250813-103737_best.pt
20250813-123633,per_neuron_scan,breast_cancer,clf,0,15,0.9534883720930232,0.9629629629629628,0.0,0.0,c:\Users\Admin\Desktop\ffnn-healing\models\clf_breast_cancer_baseline_20250813-103737_best.pt
20250813-123634,per_neuron_scan,breast_cancer,clf,0,16,0.9651162790697676,0.9724770642201837,-0.0116279069767442,-0.0095141012572206,c:\Users\Admin\Desktop\ffnn-healing\models\clf_breast_cancer_baseline_20250813-103737_best.pt
20250813-123634,per_neuron_scan,breast_cancer,clf,0,17,0.9534883720930232,0.9629629629629628,0.0,0.0,c:\Users\Admin\Desktop\ffnn-healing\models\clf_breast_cancer_baseline_20250813-103737_best.pt
20250813-123634,per_neuron_scan,breast_cancer,clf,0,18,0.9651162790697676,0.9724770642201837,-0.0116279069767442,-0.0095141012572206,c:\Users\Admin\Desktop\ffnn-healing\models\clf_breast_cancer_baseline_20250813-103737_best.pt
20250813-123634,per_neuron_scan,breast_cancer,clf,0,19,0.9534883720930232,0.9629629629629628,0.0,0.0,c:\Users\Admin\Desktop\ffnn-healing\models\clf_breast_cancer_baseline_20250813-103737_best.pt
20250813-123634,per_neuron_scan,breast_cancer,clf,0,20,0.9418604651162792,0.9541284403669724,0.0116279069767442,0.0088345225959903,c:\Users\Admin\Desktop\ffnn-healing\models\clf_breast_cancer_baseline_20250813-103737_best.pt
20250813-123634,per_neuron_scan,breast_cancer,clf,0,21,0.9534883720930232,0.9629629629629628,0.0,0.0,c:\Users\Admin\Desktop\ffnn-healing\models\clf_breast_cancer_baseline_20250813-103737_best.pt
20250813-123634,per_neuron_scan,breast_cancer,clf,0,22,0.9534883720930232,0.9629629629629628,0.0,0.0,c:\Users\Admin\Desktop\ffnn-healing\models\clf_breast_cancer_baseline_20250813-103737_best.pt
20250813-123634,per_neuron_scan,breast_cancer,clf,0,23,0.9651162790697676,0.9724770642201837,-0.0116279069767442,-0.0095141012572206,c:\Users\Admin\Desktop\ffnn-healing\models\clf_breast_cancer_baseline_20250813-103737_best.pt
20250813-123634,per_neuron_scan,breast_cancer,clf,0,24,0.9534883720930232,0.9629629629629628,0.0,0.0,c:\Users\Admin\Desktop\ffnn-healing\models\clf_breast_cancer_baseline_20250813-103737_best.pt
20250813-123634,per_neuron_scan,breast_cancer,clf,0,25,0.9651162790697676,0.9724770642201837,-0.0116279069767442,-0.0095141012572206,c:\Users\Admin\Desktop\ffnn-healing\models\clf_breast_cancer_baseline_20250813-103737_best.pt
20250813-123634,per_neuron_scan,breast_cancer,clf,0,26,0.9534883720930232,0.9629629629629628,0.0,0.0,c:\Users\Admin\Desktop\ffnn-healing\models\clf_breast_cancer_baseline_20250813-103737_best.pt
20250813-123634,per_neuron_scan,breast_cancer,clf,0,27,0.9534883720930232,0.9629629629629628,0.0,0.0,c:\Users\Admin\Desktop\ffnn-healing\models\clf_breast_cancer_baseline_20250813-103737_best.pt
20250813-123634,per_neuron_scan,breast_cancer,clf,0,28,0.9534883720930232,0.9629629629629628,0.0,0.0,c:\Users\Admin\Desktop\ffnn-healing\models\clf_breast_cancer_baseline_20250813-103737_best.pt
20250813-123634,per_neuron_scan,breast_cancer,clf,0,29,0.9534883720930232,0.9629629629629628,0.0,0.0,c:\Users\Admin\Desktop\ffnn-healing\models\clf_breast_cancer_baseline_20250813-103737_best.pt
20250813-123634,per_neuron_scan,breast_cancer,clf,0,30,0.9302325581395348,0.9454545454545454,0.0232558139534884,0.0175084175084174,c:\Users\Admin\Desktop\ffnn-healing\models\clf_breast_cancer_baseline_20250813-103737_best.pt
20250813-123634,per_neuron_scan,breast_cancer,clf,0,31,0.9651162790697676,0.972972972972973,-0.0116279069767442,-0.0100100100100101,c:\Users\Admin\Desktop\ffnn-healing\models\clf_breast_cancer_baseline_20250813-103737_best.pt
20250813-123634,per_neuron_scan,breast_cancer,clf,0,32,0.9651162790697676,0.9724770642201837,-0.0116279069767442,-0.0095141012572206,c:\Users\Admin\Desktop\ffnn-healing\models\clf_breast_cancer_baseline_20250813-103737_best.pt
20250813-123634,per_neuron_scan,breast_cancer,clf,0,33,0.9534883720930232,0.9629629629629628,0.0,0.0,c:\Users\Admin\Desktop\ffnn-healing\models\clf_breast_cancer_baseline_20250813-103737_best.pt
20250813-123634,per_neuron_scan,breast_cancer,clf,0,34,0.9534883720930232,0.9629629629629628,0.0,0.0,c:\Users\Admin\Desktop\ffnn-healing\models\clf_breast_cancer_baseline_20250813-103737_best.pt
20250813-123634,per_neuron_scan,breast_cancer,clf,0,35,0.9534883720930232,0.9629629629629628,0.0,0.0,c:\Users\Admin\Desktop\ffnn-healing\models\clf_breast_cancer_baseline_20250813-103737_best.pt
20250813-123634,per_neuron_scan,breast_cancer,clf,0,36,0.9534883720930232,0.9629629629629628,0.0,0.0,c:\Users\Admin\Desktop\ffnn-healing\models\clf_breast_cancer_baseline_20250813-103737_best.pt
20250813-123634,per_neuron_scan,breast_cancer,clf,0,37,0.9534883720930232,0.9629629629629628,0.0,0.0,c:\Users\Admin\Desktop\ffnn-healing\models\clf_breast_cancer_baseline_20250813-103737_best.pt
20250813-123634,per_neuron_scan,breast_cancer,clf,0,38,0.9534883720930232,0.9629629629629628,0.0,0.0,c:\Users\Admin\Desktop\ffnn-healing\models\clf_breast_cancer_baseline_20250813-103737_best.pt
20250813-123634,per_neuron_scan,breast_cancer,clf,0,39,0.9534883720930232,0.9629629629629628,0.0,0.0,c:\Users\Admin\Desktop\ffnn-healing\models\clf_breast_cancer_baseline_20250813-103737_best.pt
20250813-123634,per_neuron_scan,breast_cancer,clf,0,40,0.9418604651162792,0.9541284403669724,0.0116279069767442,0.0088345225959903,c:\Users\Admin\Desktop\ffnn-healing\models\clf_breast_cancer_baseline_20250813-103737_best.pt
20250813-123634,per_neuron_scan,breast_cancer,clf,0,41,0.9534883720930232,0.9629629629629628,0.0,0.0,c:\Users\Admin\Desktop\ffnn-healing\models\clf_breast_cancer_baseline_20250813-103737_best.pt
20250813-123634,per_neuron_scan,breast_cancer,clf,0,42,0.9534883720930232,0.9629629629629628,0.0,0.0,c:\Users\Admin\Desktop\ffnn-healing\models\clf_breast_cancer_baseline_20250813-103737_best.pt
20250813-123634,per_neuron_scan,breast_cancer,clf,0,43,0.9534883720930232,0.9629629629629628,0.0,0.0,c:\Users\Admin\Desktop\ffnn-healing\models\clf_breast_cancer_baseline_20250813-103737_best.pt
20250813-123634,per_neuron_scan,breast_cancer,clf,0,44,0.9534883720930232,0.9629629629629628,0.0,0.0,c:\Users\Admin\Desktop\ffnn-healing\models\clf_breast_cancer_baseline_20250813-103737_best.pt
20250813-123634,per_neuron_scan,breast_cancer,clf,0,45,0.9418604651162792,0.9541284403669724,0.0116279069767442,0.0088345225959903,c:\Users\Admin\Desktop\ffnn-healing\models\clf_breast_cancer_baseline_20250813-103737_best.pt
20250813-123634,per_neuron_scan,breast_cancer,clf,0,46,0.9534883720930232,0.9629629629629628,0.0,0.0,c:\Users\Admin\Desktop\ffnn-healing\models\clf_breast_cancer_baseline_20250813-103737_best.pt
20250813-123634,per_neuron_scan,breast_cancer,clf,0,47,0.9418604651162792,0.9541284403669724,0.0116279069767442,0.0088345225959903,c:\Users\Admin\Desktop\ffnn-healing\models\clf_breast_cancer_baseline_20250813-103737_best.pt
20250813-123634,per_neuron_scan,breast_cancer,clf,0,48,0.9534883720930232,0.9629629629629628,0.0,0.0,c:\Users\Admin\Desktop\ffnn-healing\models\clf_breast_cancer_baseline_20250813-103737_best.pt
20250813-123634,per_neuron_scan,breast_cancer,clf,0,49,0.9534883720930232,0.9629629629629628,0.0,0.0,c:\Users\Admin\Desktop\ffnn-healing\models\clf_breast_cancer_baseline_20250813-103737_best.pt
20250813-123634,per_neuron_scan,breast_cancer,clf,0,50,0.9534883720930232,0.9629629629629628,0.0,0.0,c:\Users\Admin\Desktop\ffnn-healing\models\clf_breast_cancer_baseline_20250813-103737_best.pt
20250813-123634,per_neuron_scan,breast_cancer,clf,0,51,0.9534883720930232,0.9629629629629628,0.0,0.0,c:\Users\Admin\Desktop\ffnn-healing\models\clf_breast_cancer_baseline_20250813-103737_best.pt
20250813-123634,per_neuron_scan,breast_cancer,clf,0,52,0.9534883720930232,0.9629629629629628,0.0,0.0,c:\Users\Admin\Desktop\ffnn-healing\models\clf_breast_cancer_baseline_20250813-103737_best.pt
20250813-123634,per_neuron_scan,breast_cancer,clf,0,53,0.9534883720930232,0.9629629629629628,0.0,0.0,c:\Users\Admin\Desktop\ffnn-healing\models\clf_breast_cancer_baseline_20250813-103737_best.pt
20250813-123634,per_neuron_scan,breast_cancer,clf,0,54,0.9534883720930232,0.9629629629629628,0.0,0.0,c:\Users\Admin\Desktop\ffnn-healing\models\clf_breast_cancer_baseline_20250813-103737_best.pt
20250813-123634,per_neuron_scan,breast_cancer,clf,0,55,0.9534883720930232,0.9629629629629628,0.0,0.0,c:\Users\Admin\Desktop\ffnn-healing\models\clf_breast_cancer_baseline_20250813-103737_best.pt
20250813-123634,per_neuron_scan,breast_cancer,clf,0,56,0.9534883720930232,0.9636363636363636,0.0,-0.0006734006734007,c:\Users\Admin\Desktop\ffnn-healing\models\clf_breast_cancer_baseline_20250813-103737_best.pt
20250813-123634,per_neuron_scan,breast_cancer,clf,0,57,0.9534883720930232,0.9629629629629628,0.0,0.0,c:\Users\Admin\Desktop\ffnn-healing\models\clf_breast_cancer_baseline_20250813-103737_best.pt
20250813-123634,per_neuron_scan,breast_cancer,clf,0,58,0.9534883720930232,0.9629629629629628,0.0,0.0,c:\Users\Admin\Desktop\ffnn-healing\models\clf_breast_cancer_baseline_20250813-103737_best.pt
20250813-123634,per_neuron_scan,breast_cancer,clf,0,59,0.9534883720930232,0.9629629629629628,0.0,0.0,c:\Users\Admin\Desktop\ffnn-healing\models\clf_breast_cancer_baseline_20250813-103737_best.pt
20250813-123634,per_neuron_scan,breast_cancer,clf,0,60,0.9534883720930232,0.9629629629629628,0.0,0.0,c:\Users\Admin\Desktop\ffnn-healing\models\clf_breast_cancer_baseline_20250813-103737_best.pt
20250813-123634,per_neuron_scan,breast_cancer,clf,0,61,0.9534883720930232,0.9629629629629628,0.0,0.0,c:\Users\Admin\Desktop\ffnn-healing\models\clf_breast_cancer_baseline_20250813-103737_best.pt
20250813-123634,per_neuron_scan,breast_cancer,clf,0,62,0.9418604651162792,0.9541284403669724,0.0116279069767442,0.0088345225959903,c:\Users\Admin\Desktop\ffnn-healing\models\clf_breast_cancer_baseline_20250813-103737_best.pt
20250813-123634,per_neuron_scan,breast_cancer,clf,0,63,0.9534883720930233,0.9629629629629629,0.0,0.0,c:\Users\Admin\Desktop\ffnn-healing\models\clf_breast_cancer_baseline_20250813-103737_best.pt
